model,rmse,mae,r2,coverage_95
RandomForestRegressor,0.05552691468399761,0.04188681444697604,0.9805646322885156,
GaussianProcessRegressor,0.022700963012727917,0.018675553577879127,0.9967515645729217,1.0
